log_id,product_id,created_at,tamper_type,resolution_status,settling_time,renewal_cycle,location,pushed_at,drift,details
1,101,"2025-06-04 14:21:03",sensor_tamper,detected,1.25,30,warehouse1,"2025-06-04 23:15:43",,
2,1.21121121121121e+35,"2025-06-04 22:40:06",firmware,detected,,,,"2025-06-04 23:15:43",,
3,1.21121121121121e+35,"2025-06-04 22:40:21",firmware,detected,,,,"2025-06-04 23:15:43",,
4,1.21121121121121e+35,"2025-06-04 22:48:49",firmware,detected,,,,"2025-06-04 23:15:43",,
5,1.21121121121121e+35,"2025-06-04 22:51:21",firmware,detected,,265,,"2025-06-04 23:15:43",,
6,121,"2025-06-04 22:52:19",firmware,detected,,265,,"2025-06-04 23:15:43",,
7,121,"2025-06-04 22:19:25",magnetic,detected,,121,,"2025-06-04 23:15:43",,
8,121,"2025-06-04 22:19:35",magnetic,detected,,121,,"2025-06-04 23:15:43",,
9,121,"2025-06-04 22:19:39",magnetic,detected,,121,,"2025-06-04 23:15:43",,
10,121,"2025-06-04 22:19:54",magnetic,detected,,121,,"2025-06-04 23:15:43",,
11,121,"2025-06-04 22:21:41",magnetic,detected,,121,,"2025-06-04 23:15:43",,
12,121,"2025-06-04 22:22:10",magnetic,detected,,121,,"2025-06-04 23:15:43",,
13,121,"2025-06-04 22:22:14",magnetic,detected,,121,,"2025-06-04 23:15:43",,
14,121,"2025-06-04 22:22:17",magnetic,detected,,121,,"2025-06-04 23:15:43",,
15,121,"2025-06-04 22:24:00",magnetic,detected,,265,,"2025-06-04 23:15:43",,
16,121,"2025-06-04 22:24:08",magnetic,detected,,265,,"2025-06-04 23:15:43",,
17,121,"2025-06-04 22:24:12",magnetic,detected,,265,,"2025-06-04 23:15:43",,
18,121,"2025-06-04 22:24:16",magnetic,detected,,265,,"2025-06-04 23:15:43",,
19,121,"2025-06-04 15:51:27",magnetic,detected,,,,"2025-06-04 23:15:43",,
20,121,"2025-06-04 15:51:45",magnetic,detected,,,,"2025-06-04 23:15:43",,
21,121,"2025-06-04 15:51:47",magnetic,detected,,,,"2025-06-04 23:15:43",,
22,121,"2025-06-04 15:51:48",magnetic,detected,,,,"2025-06-04 23:15:43",,
23,121,"2025-06-04 15:51:54",magnetic,detected,,,,"2025-06-04 23:15:43",,
24,121,"2025-06-04 15:52:00",magnetic,detected,,,,"2025-06-04 23:15:43",,
25,121,"2025-06-04 15:52:06",magnetic,detected,,,,"2025-06-04 23:15:43",,
26,121,"2025-06-04 15:52:09",magnetic,detected,,,,"2025-06-04 23:15:43",,
27,121,"2025-06-04 15:52:10",magnetic,detected,,,,"2025-06-04 23:15:43",,
28,121,"2025-06-04 15:52:35",magnetic,detected,,,,"2025-06-04 23:15:43",,
29,121,"2025-06-04 15:52:36",magnetic,detected,,,,"2025-06-04 23:15:43",,
30,121,"2025-06-04 15:52:51",magnetic,detected,,,,"2025-06-04 23:15:43",,
31,121,"2025-06-04 15:55:59",magnetic,detected,,,,"2025-06-04 23:15:43",,
32,121,"2025-06-04 15:56:15",magnetic,detected,,,,"2025-06-04 23:15:43",,
33,121,"2025-06-04 15:56:23",magnetic,detected,,,,"2025-06-04 23:15:43",,
34,121,"2025-06-04 22:22:01",firmware,detected,,265,,"2025-06-04 23:15:43",,
35,121,"2025-06-04 22:23:02",firmware,detected,,265,,"2025-06-04 23:15:43",,
36,121,"2025-06-04 22:24:01",firmware,detected,,265,,"2025-06-04 23:15:43",,
37,121,"2025-06-04 22:25:01",firmware,detected,,265,,"2025-06-04 23:15:43",,
38,121,"2025-06-04 22:26:01",firmware,detected,,265,,"2025-06-04 23:15:43",,
39,121,"2025-06-04 22:27:01",firmware,detected,,265,,"2025-06-04 23:15:43",,
40,121,"2025-06-04 22:28:01",firmware,detected,,265,,"2025-06-04 23:15:43",,
41,121,"2025-06-04 22:29:01",firmware,detected,,265,,"2025-06-04 23:15:43",,
42,121,"2025-06-04 22:30:01",firmware,detected,,265,,"2025-06-04 23:15:43",,
43,121,"2025-06-04 22:31:02",firmware,detected,,265,,"2025-06-04 23:15:43",,
44,121,"2025-06-04 22:32:01",firmware,detected,,265,,"2025-06-04 23:15:43",,
45,121,"2025-06-04 22:33:01",firmware,detected,,265,,"2025-06-04 23:15:43",,
46,121,"2025-06-04 14:33:06",magnetic,detected,,,,"2025-06-04 23:15:43",,
47,121,"2025-06-04 14:33:06",magnetic,detected,,,,"2025-06-04 23:15:43",,
48,121,"2025-06-04 14:33:11",magnetic,detected,,,,"2025-06-04 23:15:43",,
49,121,"2025-06-04 14:33:11",magnetic,detected,,,,"2025-06-04 23:15:43",,
50,121,"2025-06-04 14:33:14",magnetic,detected,,,,"2025-06-04 23:15:43",,
51,121,"2025-06-04 14:33:15",magnetic,detected,,,,"2025-06-04 23:15:43",,
52,121,"2025-06-04 14:33:17",magnetic,detected,,,,"2025-06-04 23:15:43",,
53,121,"2025-06-04 14:33:17",magnetic,detected,,,,"2025-06-04 23:15:43",,
54,121,"2025-06-04 14:33:19",magnetic,detected,,,,"2025-06-04 23:15:43",,
55,121,"2025-06-04 14:33:22",magnetic,detected,,,,"2025-06-04 23:15:43",,
56,121,"2025-06-04 14:33:22",magnetic,detected,,,,"2025-06-04 23:15:43",,
57,121,"2025-06-04 14:33:23",magnetic,detected,,,,"2025-06-04 23:15:43",,
58,121,"2025-06-04 14:33:23",magnetic,detected,,,,"2025-06-04 23:15:43",,
59,121,"2025-06-04 14:33:25",magnetic,detected,,,,"2025-06-04 23:15:43",,
60,121,"2025-06-04 14:33:26",magnetic,detected,,,,"2025-06-04 23:15:43",,
61,121,"2025-06-04 14:33:27",magnetic,detected,,,,"2025-06-04 23:15:43",,
62,121,"2025-06-04 14:33:27",magnetic,detected,,,,"2025-06-04 23:15:43",,
63,121,"2025-06-04 14:33:29",magnetic,detected,,,,"2025-06-04 23:15:43",,
64,121,"2025-06-04 14:33:29",magnetic,detected,,,,"2025-06-04 23:15:43",,
65,121,"2025-06-04 14:33:30",magnetic,detected,,,,"2025-06-04 23:15:43",,
66,121,"2025-06-04 14:33:30",magnetic,detected,,,,"2025-06-04 23:15:43",,
67,121,"2025-06-04 22:34:01",firmware,detected,,265,,"2025-06-04 23:15:43",,
68,121,"2025-06-04 22:35:01",firmware,detected,,265,,"2025-06-04 23:15:43",,
69,121,"2025-06-04 22:36:02",firmware,detected,,265,,"2025-06-04 23:15:43",,
70,121,"2025-06-04 22:37:01",firmware,detected,,265,,"2025-06-04 23:15:43",,
71,121,"2025-06-04 22:38:01",firmware,detected,,265,,"2025-06-04 23:15:43",,
72,121,"2025-06-04 22:39:01",firmware,detected,,265,,"2025-06-04 23:15:43",,
73,121,"2025-06-04 22:40:01",firmware,detected,,265,,"2025-06-04 23:15:43",,
74,121,"2025-06-04 22:41:02",firmware,detected,,265,,"2025-06-04 23:15:43",,
75,121,"2025-06-04 22:42:01",firmware,detected,,265,,"2025-06-04 23:15:43",,
76,121,"2025-06-04 22:43:01",firmware,detected,,265,,"2025-06-04 23:15:43",,
77,121,"2025-06-04 22:44:01",firmware,detected,,265,,"2025-06-04 23:15:43",,
78,121,"2025-06-04 22:45:01",firmware,detected,,265,,"2025-06-04 23:15:43",,
79,121,"2025-06-04 22:46:01",firmware,detected,,265,,"2025-06-04 23:15:43",,
80,121,"2025-06-04 22:47:01",firmware,detected,,265,,"2025-06-04 23:15:43",,
81,121,"2025-06-04 22:48:01",firmware,detected,,265,,"2025-06-04 23:15:43",,
82,121,"2025-06-04 22:49:01",firmware,detected,,265,,"2025-06-04 23:15:43",,
83,121,"2025-06-04 22:50:02",firmware,detected,,265,,"2025-06-04 23:15:43",,
84,121,"2025-06-04 22:51:01",firmware,detected,,265,,"2025-06-04 23:15:43",,
85,121,"2025-06-04 22:52:01",firmware,detected,,265,,"2025-06-04 23:15:43",,
86,121,"2025-06-04 22:53:01",firmware,detected,,265,,"2025-06-04 23:15:43",,
87,121,"2025-06-04 15:47:22",magnetic,detected,,,,"2025-06-04 23:23:53",,
88,121,"2025-06-04 14:18:34",magnetic,detected,,,,"2025-06-04 23:23:53",,
89,121,"2025-06-04 14:19:35",magnetic,detected,,,,"2025-06-04 23:23:53",,
90,121,"2025-06-04 14:19:42",magnetic,detected,,,,"2025-06-04 23:23:53",,
91,121,"2025-06-04 14:20:35",magnetic,detected,,,,"2025-06-04 23:23:53",,
92,121,"2025-06-04 14:21:26",magnetic,detected,,,,"2025-06-04 23:23:53",,
93,121,"2025-06-04 14:21:47",magnetic,detected,,,,"2025-06-04 23:23:53",,
94,121,"2025-06-04 14:21:51",magnetic,detected,,,,"2025-06-04 23:23:53",,
95,121,"2025-06-04 14:21:54",magnetic,detected,,,,"2025-06-04 23:23:53",,
96,121,"2025-06-04 14:26:02",magnetic,detected,,,,"2025-06-04 23:23:53",,
97,121,"2025-06-04 14:26:18",magnetic,detected,,,,"2025-06-04 23:23:53",,
98,121,"2025-06-04 14:26:23",magnetic,detected,,,,"2025-06-04 23:23:53",,
99,121,"2025-06-04 14:26:26",magnetic,detected,,,,"2025-06-04 23:23:53",,
100,121,"2025-06-04 14:26:28",magnetic,detected,,,,"2025-06-04 23:23:53",,
101,121,"2025-06-04 14:26:31",magnetic,detected,,,,"2025-06-04 23:23:53",,
102,121,"2025-06-04 14:26:33",magnetic,detected,,,,"2025-06-04 23:23:53",,
103,121,"2025-06-04 14:26:36",magnetic,detected,,,,"2025-06-04 23:23:53",,
104,121,"2025-06-04 14:26:44",magnetic,detected,,,,"2025-06-04 23:23:53",,
105,121,"2025-06-04 14:28:42",magnetic,detected,,,,"2025-06-04 23:23:53",,
106,121,"2025-06-04 14:28:49",magnetic,detected,,,,"2025-06-04 23:23:53",,
107,121,"2025-06-04 15:33:01",magnetic,detected,,,,"2025-06-04 23:36:59",,
108,121,"2025-06-04 15:33:16",magnetic,detected,,,,"2025-06-04 23:36:59",,
109,121,"2025-06-04 15:33:20",magnetic,detected,,,,"2025-06-04 23:36:59",,
110,121,"2025-06-04 15:33:26",magnetic,detected,,,,"2025-06-04 23:36:59",,
111,121,"2025-09-20 21:55:29",magnetic,detected,,,,"2025-09-21 06:09:46",,
112,121,"2025-09-20 21:55:45",magnetic,detected,,,,"2025-09-21 06:09:46",,
113,121,"2025-09-20 21:55:54",magnetic,detected,,,,"2025-09-21 06:09:46",,
114,121,"2025-09-20 21:55:57",magnetic,detected,,,,"2025-09-21 06:09:46",,
115,121,"2025-09-20 21:56:22",magnetic,detected,,,,"2025-09-21 06:09:46",,
116,121,"2025-09-20 22:31:34",magnetic,detected,,,,"2025-09-21 06:31:44",,
117,121,"2025-09-20 22:31:52",magnetic,detected,,,,"2025-09-21 06:32:03",,
118,121,"2025-09-20 22:32:22",magnetic,detected,,,,"2025-09-21 06:32:30",,
119,121,"2025-09-20 23:29:42",magnetic,detected,,,,"2025-09-21 07:29:51",,
120,121,"2025-09-20 23:29:48",magnetic,detected,,,,"2025-09-21 07:29:51",,
121,121,"2025-09-20 23:30:22",magnetic,detected,,,,"2025-09-21 07:32:01",,
122,121,"2025-09-20 23:30:22",magnetic,detected,,,,"2025-09-21 07:32:01",,
123,121,"2025-09-20 23:30:36",magnetic,detected,,,,"2025-09-21 07:32:01",,
124,121,"2025-09-20 23:31:04",magnetic,detected,,,,"2025-09-21 07:32:01",,
125,121,"2025-09-20 23:33:52",magnetic,detected,,,,"2025-09-21 07:34:03",,
126,121,"2025-09-20 23:33:56",magnetic,detected,,,,"2025-09-21 07:34:03",,
127,121,"2025-06-04 14:32:41",magnetic,detected,,,,"2025-06-04 22:32:46",,
128,121,"2025-06-04 14:32:46",magnetic,detected,,,,"2025-06-04 22:34:54",,
129,121,"2025-06-04 14:32:57",magnetic,detected,,,,"2025-06-04 22:34:54",,
130,121,"2025-06-04 14:32:57",magnetic,detected,,,,"2025-06-04 22:34:54",,
131,121,"2025-06-04 14:33:06",magnetic,detected,,,,"2025-06-04 22:34:54",,
132,121,"2025-06-04 14:33:11",magnetic,detected,,,,"2025-06-04 22:34:54",,
133,121,"2025-06-04 14:33:14",magnetic,detected,,,,"2025-06-04 22:34:54",,
134,121,"2025-06-04 14:36:23",magnetic,detected,,,,"2025-06-04 22:36:27",,
135,121,"2025-06-04 14:38:21",magnetic,detected,,,,"2025-06-04 22:38:34",,
136,121,"2025-06-04 14:39:36",magnetic,detected,,,,"2025-06-04 22:40:38",,
137,121,"2025-06-04 14:39:53",magnetic,detected,,,,"2025-06-04 22:40:38",,
138,121,"2025-06-04 14:39:55",magnetic,detected,,,,"2025-06-04 22:40:38",,
139,121,"2025-06-04 14:39:57",magnetic,detected,,,,"2025-06-04 22:40:38",,
140,121,"2025-06-04 14:40:45",magnetic,detected,,,,"2025-06-04 22:42:40",,
141,121,"2025-06-04 14:40:54",magnetic,detected,,,,"2025-06-04 22:42:40",,
142,121,"2025-06-04 14:40:55",magnetic,detected,,,,"2025-06-04 22:42:40",,
143,121,"2025-06-04 14:40:57",magnetic,detected,,,,"2025-06-04 22:42:40",,
144,121,"2025-06-04 14:44:05",magnetic,detected,,,,"2025-06-04 22:44:50",,
145,121,"2025-06-04 14:44:08",magnetic,detected,,,,"2025-06-04 22:44:50",,
146,121,"2025-06-04 14:44:11",magnetic,detected,,,,"2025-06-04 22:44:50",,
147,121,"2025-06-04 14:35:04",magnetic,detected,,,,"2025-06-04 22:35:06",,
148,121,"2025-06-04 14:35:22",magnetic,detected,,,,"2025-06-04 22:17:52",,
149,121,"2025-06-04 14:35:30",magnetic,detected,,,,"2025-06-04 22:17:52",,
150,121,"2025-06-04 14:29:35",magnetic,detected,,,,"2025-06-04 22:29:37",,
151,121,"2025-06-04 14:29:43",magnetic,detected,,,,"2025-06-04 22:31:45",,
152,121,"2025-06-04 14:29:45",magnetic,detected,,,,"2025-06-04 22:31:45",,
153,121,"2025-06-04 14:29:51",magnetic,detected,,,,"2025-06-04 22:31:45",,
154,121,"2025-06-04 14:29:58",magnetic,detected,,,,"2025-06-04 22:31:45",,
155,121,"2025-06-04 22:35:28",firmware,detected,,265,,"2025-06-04 22:35:36",,
156,121,"2025-06-04 14:29:16",magnetic,detected,,,,"2025-06-04 22:29:25",,
157,121,"2025-06-04 14:29:16",magnetic,detected,,,,"2025-06-04 22:29:25",,
158,121,"2025-06-04 14:29:17",magnetic,detected,,,,"2025-06-04 22:29:25",,
159,121,"2025-06-04 14:29:18",magnetic,detected,,,,"2025-06-04 22:29:25",,
160,121,"2025-06-04 14:29:18",magnetic,detected,,,,"2025-06-04 22:29:25",,
161,121,"2025-06-04 14:29:19",magnetic,detected,,,,"2025-06-04 22:29:25",,
162,121,"2025-06-04 14:29:26",magnetic,detected,,,,"2025-06-04 22:31:33",,
163,121,"2025-06-04 14:29:32",magnetic,detected,,,,"2025-06-04 22:31:33",,
164,121,"2025-06-04 14:29:34",magnetic,detected,,,,"2025-06-04 22:31:33",,
165,121,"2025-06-04 14:29:35",magnetic,detected,,,,"2025-06-04 22:31:33",,
166,121,"2025-06-04 14:29:35",magnetic,detected,,,,"2025-06-04 22:31:33",,
167,121,"2025-06-04 14:31:34",magnetic,detected,,,,"2025-06-04 22:33:37",,
168,121,"2025-06-04 14:39:42",magnetic,detected,,,,"2025-06-04 22:39:47",,
169,121,"2025-06-04 14:39:43",magnetic,detected,,,,"2025-06-04 22:39:47",,
170,121,"2025-06-04 14:39:46",magnetic,detected,,,,"2025-06-04 22:39:47",,
171,121,"2025-06-04 14:39:56",magnetic,detected,,,,"2025-06-04 22:41:47",,
172,121,"2025-06-04 14:40:02",magnetic,detected,,,,"2025-06-04 22:41:47",,
173,121,"2025-06-04 14:40:12",magnetic,detected,,,,"2025-06-04 22:41:47",,
174,121,"2025-06-04 14:40:22",magnetic,detected,,,,"2025-06-04 22:41:47",,
175,121,"2025-06-04 14:40:32",magnetic,detected,,,,"2025-06-04 22:41:47",,
176,121,"2025-06-04 14:46:52",magnetic,detected,,,,"2025-06-04 22:47:01",,
177,121,"2025-06-04 14:21:26",magnetic,detected,,,,"2025-06-04 22:21:33",,
178,121,"2025-06-04 14:22:20",magnetic,detected,,,,"2025-06-04 22:23:40",,
179,121,"2025-06-04 14:22:21",magnetic,detected,,,,"2025-06-04 22:23:40",,
180,121,"2025-06-04 14:22:22",magnetic,detected,,,,"2025-06-04 22:23:40",,
181,121,"2025-06-04 14:22:22",magnetic,detected,,,,"2025-06-04 22:23:40",,
182,121,"2025-06-04 14:22:56",magnetic,detected,,,,"2025-06-04 22:23:40",,
183,121,"2025-06-04 14:22:59",magnetic,detected,,,,"2025-06-04 22:23:40",,
184,121,"2025-06-04 14:23:13",magnetic,detected,,,,"2025-06-04 22:23:40",,
185,121,"2025-06-04 14:23:14",magnetic,detected,,,,"2025-06-04 22:23:40",,
186,121,"2025-06-04 14:48:43",magnetic,detected,,,,"2025-06-04 22:48:50",,
187,121,"2025-06-04 14:48:53",magnetic,detected,,,,"2025-06-04 22:50:52",,
188,121,"2025-06-04 14:49:03",magnetic,detected,,,,"2025-06-04 22:50:52",,
189,121,"2025-06-04 14:49:13",magnetic,detected,,,,"2025-06-04 22:50:52",,
190,121,"2025-06-04 14:49:23",magnetic,detected,,,,"2025-06-04 22:50:52",,
191,121,"2025-06-04 14:49:33",magnetic,detected,,,,"2025-06-04 22:50:52",,
192,121,"2025-06-04 14:49:43",magnetic,detected,,,,"2025-06-04 22:50:52",,
193,121,"2025-06-04 14:49:53",magnetic,detected,,,,"2025-06-04 22:50:52",,
194,121,"2025-06-04 14:50:03",magnetic,detected,,,,"2025-06-04 22:50:52",,
195,121,"2025-06-04 14:50:13",magnetic,detected,,,,"2025-06-04 22:50:52",,
196,121,"2025-06-04 14:50:23",magnetic,detected,,,,"2025-06-04 22:50:52",,
197,121,"2025-06-04 14:50:33",magnetic,detected,,,,"2025-06-04 22:50:52",,
198,121,"2025-06-04 14:50:43",magnetic,detected,,,,"2025-06-04 22:50:52",,
199,121,"2025-06-04 14:50:53",magnetic,detected,,,,"2025-06-04 22:52:58",,
200,121,"2025-06-04 14:51:03",magnetic,detected,,,,"2025-06-04 22:52:58",,
201,121,"2025-06-04 14:51:13",magnetic,detected,,,,"2025-06-04 22:52:58",,
202,121,"2025-06-04 14:51:23",magnetic,detected,,,,"2025-06-04 22:52:58",,
203,121,"2025-06-04 14:51:33",magnetic,detected,,,,"2025-06-04 22:52:58",,
204,121,"2025-06-04 14:51:43",magnetic,detected,,,,"2025-06-04 22:52:58",,
205,121,"2025-06-04 22:53:35",magnetic,detected,,265,,"2025-06-04 22:53:43",,
206,121,"2025-06-04 23:05:32",magnetic,detected,,265,,"2025-06-04 23:05:38",,
207,121,"2025-06-04 23:05:37",magnetic,detected,,265,,"2025-06-04 23:05:38",,
208,121,"2025-06-04 22:19:57",magnetic,detected,,265,,"2025-09-28 00:47:41",,
209,121,"2025-06-04 22:20:18",magnetic,detected,,265,,"2025-09-28 00:47:41",,
210,121,"2025-06-04 22:20:18",magnetic,detected,,265,,"2025-09-28 00:47:41",,
211,121,"2025-06-04 22:20:25",magnetic,detected,,265,,"2025-09-28 00:47:41",,
212,121,"2025-09-28 00:52:32",magnetic,detected,,265,,"2025-09-28 00:54:16",,
213,121,"2025-09-28 00:52:39",magnetic,detected,,265,,"2025-09-28 00:54:16",,
214,121,"2025-09-28 00:52:40",magnetic,detected,,265,,"2025-09-28 00:54:16",,
215,121,"2025-09-28 00:52:44",magnetic,detected,,265,,"2025-09-28 00:54:16",,
216,121,"2025-09-28 01:10:22",magnetic,detected,,265,,"2025-09-28 01:20:02",,
217,121,"2025-09-28 01:10:23",magnetic,detected,,265,,"2025-09-28 01:20:02",,
218,121,"2025-09-28 01:10:28",magnetic,detected,,265,,"2025-09-28 01:20:02",,
219,121,"2025-09-28 01:10:30",magnetic,detected,,265,,"2025-09-28 01:20:02",,
220,121,"2025-09-28 01:23:35",magnetic,detected,,265,,"2025-09-28 01:24:01",,
221,121,"2025-09-28 01:23:40",magnetic,detected,,265,,"2025-09-28 01:24:01",,
222,121,"2025-09-28 01:23:41",magnetic,detected,,265,,"2025-09-28 01:24:01",,
223,121,"2025-09-28 01:23:44",magnetic,detected,,265,,"2025-09-28 01:24:01",,
224,121,"2025-09-28 01:23:44",magnetic,detected,,265,,"2025-09-28 01:24:01",,
225,121,"2025-09-28 01:23:45",magnetic,detected,,265,,"2025-09-28 01:24:01",,
226,121,"2025-09-28 01:44:47",magnetic,detected,,265,192.168.137.135,"2025-09-28 01:50:01",,
227,121,"2025-09-28 01:44:58",magnetic,detected,,265,192.168.137.135,"2025-09-28 01:50:01",,
228,121,"2025-09-28 01:45:00",magnetic,detected,,265,192.168.137.135,"2025-09-28 01:50:01",,
229,121,"2025-09-28 01:45:03",magnetic,detected,,265,192.168.137.135,"2025-09-28 01:50:01",,
230,121,"2025-09-28 01:56:05",magnetic,detected,,265,"Chennai,IN","2025-09-28 01:58:02",,
231,121,"2025-09-28 01:56:09",magnetic,detected,,265,"Chennai,IN","2025-09-28 01:58:02",,
232,121,"2025-06-04 22:18:53",magnetic,detected,,265,"13.0878,80.2785|Chennai|Tamil Nadu","2025-06-04 22:19:03",,
233,121,"2025-06-04 22:18:56",magnetic,detected,,265,"13.0878,80.2785|Chennai|Tamil Nadu","2025-06-04 22:19:03",,
234,121,"2025-06-04 22:18:58",magnetic,detected,,265,"13.0878,80.2785|Chennai|Tamil Nadu","2025-06-04 22:19:03",,
235,121,"2025-06-04 22:19:02",magnetic,detected,,265,"13.0878,80.2785|Chennai|Tamil Nadu","2025-09-28 02:12:02",,
236,121,"2025-06-04 22:19:05",magnetic,detected,,265,"13.0878,80.2785|Chennai|Tamil Nadu","2025-09-28 02:12:02",,
237,121,"2025-09-28 02:12:42",magnetic,detected,,265,"13.0878,80.2785|Chennai|Tamil Nadu","2025-09-28 02:13:02",,
238,121,"2025-09-28 02:12:43",magnetic,detected,,265,"13.0878,80.2785|Chennai|Tamil Nadu","2025-09-28 02:13:02",,
239,121,"2025-09-28 02:12:44",magnetic,detected,,265,"13.0878,80.2785|Chennai|Tamil Nadu","2025-09-28 02:13:02",,
240,121,"2025-09-28 03:10:43",magnetic,detected,,265,"13.0878,80.2785|Chennai|Tamil Nadu","2025-09-28 03:11:03",,
241,121,"2025-09-28 03:10:54",magnetic,detected,,265,"13.0878,80.2785|Chennai|Tamil Nadu","2025-09-28 03:11:03",,
242,121,"2025-09-28 03:20:56",magnetic,detected,,265,"13.0878,80.2785|Chennai|Tamil Nadu","2025-09-28 03:21:02",,
243,121,"2025-09-28 03:20:58",magnetic,detected,,265,"13.0878,80.2785|Chennai|Tamil Nadu","2025-09-28 03:21:02",,
244,121,"2025-09-28 03:21:05",magnetic,detected,,265,"13.0878,80.2785|Chennai|Tamil Nadu","2025-09-28 03:22:02",,
245,121,"2025-09-28 03:21:15",magnetic,detected,,265,"13.0878,80.2785|Chennai|Tamil Nadu","2025-09-28 03:22:02",,
246,121,"2025-09-28 03:30:52",firmware,detected,,265,"13.0878,80.2785|Chennai|Tamil Nadu","2025-09-28 03:31:02",,
247,121,"2025-09-28 03:32:28",firmware,detected,,265,"13.0878,80.2785|Chennai|Tamil Nadu","2025-09-28 03:33:02",,
248,121,"2025-09-28 03:36:01",firmware,detected,,265,"13.0878,80.2785|Chennai|Tamil Nadu","2025-09-28 03:36:02",,
249,121,"2025-09-28 03:39:14",firmware,detected,,265,"13.0878,80.2785|Chennai|Tamil Nadu","2025-09-28 03:40:02",,
250,121,"2025-09-28 03:39:50",firmware,detected,,265,"13.0878,80.2785|Chennai|Tamil Nadu","2025-09-28 03:40:02",,
251,121,"2025-09-28 03:46:01",firmware,detected,,265,"13.0878,80.2785|Chennai|Tamil Nadu","2025-09-28 03:47:03",,
252,121,"2025-09-28 03:47:02",firmware,detected,,265,"13.0878,80.2785|Chennai|Tamil Nadu","2025-09-28 03:47:03",,
253,121,"2025-09-28 03:48:02",firmware,detected,,265,"13.0878,80.2785|Chennai|Tamil Nadu","2025-09-28 03:48:03",,
254,121,"2025-09-28 03:49:01",firmware,detected,,265,"13.0878,80.2785|Chennai|Tamil Nadu","2025-09-28 03:49:03",,
255,121,"2025-09-28 03:50:01",firmware,detected,,265,"13.0878,80.2785|Chennai|Tamil Nadu","2025-09-28 03:52:03",,
256,121,"2025-09-28 03:51:01",firmware,detected,,265,"13.0878,80.2785|Chennai|Tamil Nadu","2025-09-28 03:52:03",,
257,121,"2025-09-28 03:52:01",firmware,detected,,265,"13.0878,80.2785|Chennai|Tamil Nadu","2025-09-28 03:52:03",,
258,121,"2025-09-28 03:53:01",firmware,detected,,265,"13.0878,80.2785|Chennai|Tamil Nadu","2025-09-28 03:55:03",,
259,121,"2025-09-28 03:54:01",firmware,detected,,265,"13.0878,80.2785|Chennai|Tamil Nadu","2025-09-28 03:55:03",,
260,121,"2025-09-28 03:55:02",firmware,detected,,265,"13.0878,80.2785|Chennai|Tamil Nadu","2025-09-28 03:55:03",,
261,121,"2025-09-28 03:57:04",magnetic,detected,,265,"13.0878,80.2785|Chennai|Tamil Nadu","2025-09-28 03:58:03",,
262,121,"2025-09-28 03:57:12",magnetic,detected,,265,"13.0878,80.2785|Chennai|Tamil Nadu","2025-09-28 03:58:03",,
263,121,"2025-09-28 04:00:16",magnetic,detected,,265,"13.0878,80.2785|Chennai|Tamil Nadu","2025-09-28 04:01:02",,
264,121,"2025-09-28 04:00:17",magnetic,detected,,265,"13.0878,80.2785|Chennai|Tamil Nadu","2025-09-28 04:01:02",,
265,121,"2025-09-28 04:00:27",magnetic,detected,,265,"13.0878,80.2785|Chennai|Tamil Nadu","2025-09-28 04:01:02",,
266,121,"2025-09-28 04:00:28",magnetic,detected,,265,"13.0878,80.2785|Chennai|Tamil Nadu","2025-09-28 04:01:02",,
267,121,"2025-09-28 04:00:33",magnetic,detected,,265,"13.0878,80.2785|Chennai|Tamil Nadu","2025-09-28 04:01:02",,
268,121,"2025-09-28 04:00:34",magnetic,detected,,265,"13.0878,80.2785|Chennai|Tamil Nadu","2025-09-28 04:01:02",,
269,121,"2025-09-28 04:21:11",magnetic,detected,,265,"13.0878,80.2785|Chennai|Tamil Nadu","2025-09-28 04:42:02",,
270,121,"2025-09-28 04:22:03",magnetic,detected,,265,"13.0878,80.2785|Chennai|Tamil Nadu","2025-09-28 04:42:02",,
271,121,"2025-09-28 04:24:14",magnetic,detected,,265,"13.0878,80.2785|Chennai|Tamil Nadu","2025-09-28 04:42:02",,
272,121,"2025-09-28 04:26:54",magnetic,detected,,265,"13.0878,80.2785|Chennai|Tamil Nadu","2025-09-28 04:42:02",,
273,121,"2025-09-28 04:32:01",firmware,detected,,265,"13.0878,80.2785|Chennai|Tamil Nadu","2025-09-28 04:42:02",,
274,121,"2025-09-28 20:19:48",magnetic,detected,,265,"19.1602,77.3150|Nanded|Maharashtra","2025-09-28 20:20:03",,
275,121,"2025-09-28 20:21:02",firmware,detected,,265,"19.1602,77.3150|Nanded|Maharashtra","2025-09-28 20:21:03",,
276,121,"2025-09-28 20:24:54",magnetic,detected,,265,"19.1602,77.3150|Nanded|Maharashtra","2025-09-28 20:25:02",,
277,121,"2025-06-04 22:29:12",magnetic,detected,,265,"13.0878,80.2785|Chennai|Tamil Nadu","2025-11-25 21:36:49",,
278,121,"2025-06-04 22:29:15",magnetic,detected,,265,"13.0878,80.2785|Chennai|Tamil Nadu","2025-11-25 21:36:49",,
279,121,"2025-06-04 22:29:42",magnetic,detected,,265,"13.0878,80.2785|Chennai|Tamil Nadu","2025-11-25 21:36:49",,
280,121,"2025-06-04 22:29:44",magnetic,detected,,265,"13.0878,80.2785|Chennai|Tamil Nadu","2025-11-25 21:36:49",,
281,121,"2025-06-04 22:25:16",magnetic,detected,,265,"13.0878,80.2785|Chennai|Tamil Nadu","2025-11-25 21:36:49",,
282,121,"2025-06-04 22:33:18",magnetic,detected,,265,"13.0878,80.2785|Chennai|Tamil Nadu","2025-11-25 21:36:49",,
283,121,"2025-06-04 22:33:18",magnetic,detected,,265,"13.0878,80.2785|Chennai|Tamil Nadu","2025-11-25 21:36:49",,
284,121,"2025-06-04 22:33:38",magnetic,detected,,265,"13.0878,80.2785|Chennai|Tamil Nadu","2025-11-25 21:36:49",,
285,121,"2025-06-04 22:33:39",magnetic,detected,,265,"13.0878,80.2785|Chennai|Tamil Nadu","2025-11-25 21:36:49",,
286,121,"2025-11-27 05:48:46",magnetic,detected,,265,,,,
287,121,"2025-11-27 05:48:46",magnetic,detected,,265,,,,
288,121,"2025-11-27 05:48:48",magnetic,detected,,265,,,,
289,121,"2025-11-27 05:48:49",magnetic,detected,,265,,,,
290,121,"2025-11-27 05:48:51",magnetic,detected,,265,,,,
291,121,"2025-11-27 05:48:55",magnetic,detected,,265,,,,
292,121,"2025-11-27 05:48:56",magnetic,detected,,265,,,,
293,121,"2025-11-27 05:48:57",magnetic,detected,,265,,,,
294,121,"2025-11-27 05:49:00",magnetic,detected,,265,,,,
295,121,"2025-11-27 05:49:02",magnetic,detected,,265,,,,
296,121,"2025-11-27 05:49:12",magnetic,detected,,265,,,,
297,121,"2025-11-27 05:49:15",magnetic,detected,,265,,,,
298,121,"2025-11-27 05:49:16",magnetic,detected,,265,,,,
299,1,"2025-06-04 16:04:16",magnetic,detected,,,"Chennai_Depot_3, 13.0827, 80.2707",,,
300,1,"2025-06-04 16:04:35",magnetic,detected,,,"Chennai_Depot_3, 13.0827, 80.2707",,,
301,1,"2025-06-04 16:04:48",magnetic,detected,,,"Chennai_Depot_3, 13.0827, 80.2707",,,
302,1,"2025-06-04 16:04:51",magnetic,detected,,,"Chennai_Depot_3, 13.0827, 80.2707",,,
303,1,"2025-06-04 16:05:01",magnetic,detected,,,"Chennai_Depot_3, 13.0827, 80.2707",,,
304,1,"2025-06-04 16:34:48",firmware,detected,,,", 13.0827, 80.2707",,,
305,1,"2025-06-04 15:19:43",firmware,detected,,,", 13.0827, 80.2707",,,
306,1,"2025-06-04 15:21:12",firmware,detected,,,", 13.0827, 80.2707",,,
307,1,"2025-06-04 14:18:55",firmware,detected,,,", 13.0827, 80.2707",,,
308,1,"2025-06-04 15:00:10",firmware,detected,,,", 13.0827, 80.2707",,,
309,1,"2025-11-27 21:53:22",firmware,detected,,,", 13.0827, 80.2707",,,
310,1,"2025-11-27 22:02:10",firmware,detected,,,", 13.0827, 80.2707",,,
311,1,"2025-06-04 14:20:09",firmware,detected,,,", 13.0827, 80.2707",,,
312,1,"2025-11-27 22:12:54",firmware,detected,,,", 13.0827, 80.2707",,,
313,1,"2025-11-27 22:19:39",firmware,detected,,,", 13.0827, 80.2707",,,
